name ,seq,,,,
EGFP,ATGGTGAGCAAGGGCGAGGAGCTGTTCACCGGGGTGGTGCCCATCCTGGTCGAGCTGGACGGCGACGTAAACGGCCACAAGTTCAGCGTGTCCGGCGAGGGCGAGGGCGATGCCACCTACGGCAAGCTGACCCTGAAGTTCATCTGCACCACCGGCAAGCTGCCCGTGCCCTGGCCCACCCTCGTGACCACCCTGACCTACGGCGTGCAGTGCTTCAGCCGCTACCCCGACCACATGAAGCAGCACGACTTCTTCAAGTCCGCCATGCCCGAAGGCTACGTCCAGGAGCGCACCATCTTCTTCAAGGACGACGGCAACTACAAGACCCGCGCCGAGGTGAAGTTCGAGGGCGACACCCTGGTGAACCGCATCGAGCTGAAGGGCATCGACTTCAAGGAGGACGGCAACATCCTGGGGCACAAGCTGGAGTACAACTACAACAGCCACAACGTCTATATCATGGCCGACAAGCAGAAGAACGGCATCAAGGTGAACTTCAAGATCCGCCACAACATCGAGGACGGCAGCGTGCAGCTCGCCGACCACTACCAGCAGAACACCCCCATCGGCGACGGCCCCGTGCTGCTGCCCGACAACCACTACCTGAGCACCCAGTCCGCCCTGAGCAAAGACCCCAACGAGAAGCGCGATCACATGGTCCTGCTGGAGTTCGTGACCGCCGCCGGGATCACTCTCGGCATGGACGAGCTGTACAAGTAG,,,,
EGFP_1,ATGGTGAGCAAAGGGGAAGAATTATTTACTGGGGTAGTGCCGATTTTAGTAGAGCTGGACGGGGATGTAAACGGCCATAAATTCAGCGTATCCGGCGAGGGCGAAGGCGATGCGACGTATGGGAAACTAACTCTGAAATTTATATGTACCACTGGTAAATTGCCGGTACCGTGGCCGACTCTAGTGACCACTTTAACTTATGGCGTGCAGTGTTTTAGTAGGTATCCGGACCACATGAAACAACACGACTTTTTCAAAAGCGCGATGCCCGAAGGGTACGTGCAAGAGAGGACTATATTCTTCAAAGACGACGGGAATTACAAAACTAGGGCGGAGGTGAAGTTTGAGGGCGACACTTTAGTAAATAGGATCGAGCTCAAAGGGATCGACTTTAAAGAGGACGGGAATATATTAGGGCACAAATTAGAGTACAACTATAACAGCCATAACGTATATATAATGGCCGACAAGCAGAAAAACGGCATCAAAGTAAATTTTAAAATCAGGCACAATATCGAGGATGGGAGTGTTCAATTGGCGGACCACTACCAGCAAAACACTCCCATTGGCGACGGGCCCGTGTTATTACCGGACAACCACTACTTAAGTACTCAAAGTGCGTTGAGTAAAGACCCGAACGAAAAGAGGGATCACATGGTATTATTGGAGTTCGTTACTGCAGCGGGGATAACTTTAGGGATGGACGAGCTGTACAAATAG,,,,
EGFP_2,ATGGTGAGCAAGGGCGAGGAGTTATTCACTGGGGTAGTGCCGATTTTAGTGGAGTTAGACGGGGACGTAAACGGACACAAATTCAGCGTGAGCGGGGAGGGCGAGGGGGATGCGACTTATGGCAAACTGACTCTGAAGTTCATATGCACTACTGGTAAGTTGCCGGTGCCCTGGCCCACTCTCGTGACTACTTTAACTTACGGCGTGCAATGTTTTTCGAGGTATCCCGACCACATGAAACAACACGATTTTTTCAAGAGCGCCATGCCCGAAGGCTACGTGCAGGAGAGGACGATATTTTTCAAAGACGATGGGAATTACAAGACCAGGGCGGAGGTGAAGTTCGAGGGGGACACATTGGTAAACAGGATCGAGCTCAAGGGGATCGACTTTAAAGAAGACGGGAACATCTTGGGGCACAAACTGGAGTACAATTATAACAGCCATAACGTATATATCATGGCGGACAAGCAGAAAAACGGCATCAAAGTAAACTTTAAAATCAGGCACAACATAGAGGATGGTAGCGTGCAATTGGCGGACCACTATCAGCAAAACACTCCCATTGGCGACGGGCCCGTGTTATTACCCGACAACCACTACTTAAGCACTCAGTCCGCGTTAAGCAAAGACCCGAACGAAAAGAGGGACCACATGGTCTTATTGGAGTTTGTGACCGCAGCGGGGATAACTCTCGGGATGGACGAGTTATACAAATAG,,,,
EGFP_3,ATGGTTAGTAAAGGCGAAGAACTGTTTACTGGGGTCGTCCCGATTTTGGTTGAGTTAGACGGGGATGTTAATGGGCACAAATTTTCAGTTAGTGGTGAGGGGGAGGGGGACGCGACGTACGGCAAACTAACTCTTAAATTTATCTGCACCACAGGGAAATTACCGGTTCCGTGGCCCACTCTTGTCACTACGCTGACGTACGGGGTCCAATGCTTTTCGCGCTATCCTGACCACATGAAACAACATGATTTCTTCAAATCGGCGATGCCGGAGGGCTACGTCCAAGAGCGTACTATATTCTTCAAAGATGACGGAAACTACAAAACGCGCGCGGAAGTTAAATTTGAAGGGGATACGCTTGTCAACCGCATCGAACTGAAGGGGATAGATTTCAAAGAAGATGGTAACATACTTGGGCATAAACTAGAGTACAACTACAATTCGCATAACGTTTACATAATGGCGGACAAACAAAAAAATGGGATAAAAGTCAATTTCAAAATTCGCCATAACATTGAGGACGGTAGTGTTCAGCTCGCTGACCACTATCAACAAAACACTCCAATAGGCGACGGTCCCGTGTTGTTGCCGGACAATCACTACCTATCGACTCAGTCGGCGTTAAGTAAAGACCCAAATGAGAAACGCGACCATATGGTATTATTAGAGTTTGTTACTGCGGCAGGGATTACTTTAGGCATGGACGAATTATACAAGTAG,,,,
EGFP_4,ATGGTGAGCAAAGGCGAAGAATTATTCACTGGGGTCGTGCCGATTTTAGTTGAGCTGGACGGGGATGTAAACGGCCATAAATTCAGCGTATCCGGCGAGGGGGAAGGCGATGCGACGTATGGGAAGCTAACACTGAAGTTTATATGTACCACTGGCAAATTGCCTGTACCGTGGCCGACTCTAGTAACCACGTTAACTTATGGCGTGCAGTGCTTTTCCAGGTATCCCGACCACATGAAGCAACACGACTTTTTCAAAAGCGCCATGCCCGAAGGGTACGTGCAAGAGCGTACTATATTCTTCAAGGACGACGGTAATTACAAAACTCGTGCTGAAGTGAAGTTTGAGGGCGACACATTAGTAAACAGGATCGAGCTCAAAGGTATCGACTTCAAAGAGGACGGGAATATATTAGGGCACAAGTTAGAGTACAACTATAACAGCCATAACGTCTATATTATGGCCGACAAGCAGAAGAACGGCATCAAAGTAAACTTTAAAATCAGGCACAATATCGAGGATGGGAGTGTTCAATTGGCGGACCACTACCAGCAAAACACTCCCATTGGGGACGGGCCCGTGCTGTTACCGGACAACCACTACTTAAGTACTCAAAGTGCGTTAAGTAAAGATCCGAACGAAAAGCGTGATCACATGGTATTATTGGAGTTCGTTACTGCAGCTGGGATTACCTTAGGAATGGACGAGCTGTACAAGTAG,,,,
EGFP_5,ATGGTGAGCAAGGGGGAAGAATTATTTACCGGGGTTGTACCTATTCTGGTGGAACTGGACGGGGACGTAAATGGACACAAATTCAGTGTTTCCGGAGAGGGGGAAGGGGATGCGACTTATGGAAAACTAACTCTCAAATTCATATGCACTACTGGGAAACTGCCGGTCCCCTGGCCTACCCTCGTGACCACCTTAACCTATGGGGTGCAGTGCTTCAGTAGGTACCCGGATCATATGAAACAGCATGATTTTTTCAAGTCCGCGATGCCTGAGGGCTACGTGCAAGAAAGGACGATATTCTTCAAAGACGACGGAAATTACAAAACTAGGGCGGAGGTCAAATTTGAAGGTGACACTCTAGTCAATCGTATCGAGCTCAAAGGCATCGATTTTAAAGAAGACGGTAACATACTGGGACATAAACTGGAATACAACTATAACTCCCATAACGTATACATAATGGCCGATAAGCAGAAAAACGGAATAAAAGTCAACTTCAAAATAAGGCACAACATTGAGGATGGTTCTGTTCAACTGGCGGATCACTACCAGCAAAATACTCCGATTGGAGATGGGCCAGTGTTATTGCCCGATAACCATTATTTAAGCACTCAGAGTGCTTTAAGTAAGGATCCTAACGAAAAGAGGGATCACATGGTACTGCTGGAGTTTGTTACGGCAGCGGGGATTACTCTTGGAATGGACGAGCTGTATAAATAG,,,,
EGFP_6,ATGGTGAGCAAGGGAGAGGAGCTGTTCACCGGGGTAGTGCCCATTTTGGTGGAGTTAGACGGGGACGTAAACGGACACAAATTCAGCGTGAGCGGCGAGGGCGAGGGCGATGCGACTTATGGCAAGCTGACACTGAAGTTCATATGTACTACTGGGAAGCTGCCGGTGCCCTGGCCCACCCTCGTGACTACCTTAACTTACGGCGTGCAATGTTTTAGTCGCTACCCCGACCACATGAAACAACACGACTTTTTCAAGTCCGCGATGCCCGAAGGCTACGTGCAGGAGAGGACGATATTCTTCAAAGACGATGGCAACTACAAGACCAGGGCGGAGGTGAAGTTCGAGGGGGACACTCTAGTGAACAGGATCGAGCTCAAGGGCATCGACTTTAAAGAAGACGGCAACATCTTAGGGCACAAACTGGAGTACAATTATAACTCCCACAACGTATATATCATGGCGGACAAGCAAAAAAATGGCATCAAAGTGAACTTTAAAATAAGGCACAATATCGAGGACGGTAGCGTGCAGCTCGCGGACCACTACCAGCAAAACACTCCCATTGGCGACGGGCCCGTATTATTACCCGACAACCACTATCTGAGCACGCAGTCCGCCTTGAGTAAGGACCCGAACGAGAAGAGGGACCACATGGTCCTGCTGGAGTTTGTGACCGCCGCGGGGATAACTCTCGGGATGGACGAATTATACAAATAG,,,,
EGFP_7,ATGGTGAGCAAGGGAGAAGAACTGTTCACTGGGGTAGTACCGATTCTGGTGGAACTGGATGGGGACGTAAACGGACACAAATTCAGTGTTTCCGGCGAAGGGGAGGGGGATGCGACTTATGGCAAGCTAACTCTGAAATTCATATGTACCACTGGCAAACTTCCGGTGCCCTGGCCTACCCTCGTCACCACCCTTACCTACGGGGTGCAGTGCTTCAGTAGGTACCCGGATCACATGAAACAGCATGACTTTTTTAAGTCCGCGATGCCCGAAGGCTACGTGCAAGAGAGGACCATATTCTTTAAGGATGATGGTAACTACAAAACTAGGGCGGAGGTTAAGTTTGAGGGCGACACTTTAGTGAACCGAATCGAACTCAAAGGGATCGACTTTAAGGAGGACGGAAACATACTGGGGCACAAACTGGAGTATAACTACAATAGCCATAACGTCTACATAATGGCAGATAAGCAGAAGAACGGAATAAAGGTCAACTTCAAAATAAGGCACAATATTGAGGATGGTTCCGTTCAACTCGCGGACCACTATCAGCAGAACACCCCGATTGGCGATGGGCCCGTTCTGTTGCCCGATAACCATTATCTGAGCACACAGAGTGCGTTAAGTAAGGATCCCAATGAGAAGAGGGATCACATGGTACTGCTTGAGTTTGTTACCGCCGCGGGGATTACCCTGGGGATGGACGAACTGTATAAATAG,,,,
EGFP_8,ATGGTGAGCAAGGGGGAGGAGCTGTTCACCGGGGTAGTGCCCATTTTGGTGGAGTTAGACGGGGACGTAAACGGACACAAGTTCAGCGTGTCCGGCGAGGGCGAGGGCGATGCGACCTATGGCAAGCTGACTCTGAAGTTCATATGCACCACTGGTAAGCTGCCGGTGCCCTGGCCCACCCTCGTGACCACCTTAACTTATGGCGTGCAGTGCTTCAGCCGCTACCCCGACCACATGAAGCAGCACGACTTTTTCAAGTCCGCCATGCCCGAAGGCTACGTGCAGGAGAGGACGATATTCTTCAAAGACGACGGCAATTACAAAACCCGCGCCGAGGTGAAGTTCGAGGGCGACACATTGGTGAACCGCATCGAGCTCAAGGGCATCGACTTCAAAGAGGACGGCAACATCCTGGGGCACAAACTGGAGTACAACTACAACAGCCACAACGTATATATCATGGCCGACAAGCAGAAAAACGGCATCAAAGTGAACTTCAAGATAAGGCACAACATAGAGGACGGTAGCGTGCAGCTCGCGGACCACTACCAGCAAAACACTCCCATTGGCGACGGGCCCGTGTTATTACCCGACAACCACTACTTAAGCACTCAGTCCGCCTTAAGCAAAGACCCCAACGAGAAGCGCGATCACATGGTCCTGCTGGAGTTTGTGACCGCAGCCGGGATTACTCTCGGCATGGACGAGCTGTACAAGTAG,,,,
EGFP_9,ATGGTGAGCAAGGGCGAAGAACTGTTCACTGGGGTCGTGCCGATTTTAGTTGAGCTGGACGGGGATGTAAACGGTCATAAGTTCAGCGTATCCGGCGAGGGAGAAGGCGATGCGACGTATGGGAAGCTAACGCTGAAATTTATATGCACCACCGGCAAATTGCCGGTACCGTGGCCGACTCTAGTCACCACATTAACTTATGGCGTGCAGTGCTTTTCCAGGTATCCAGACCACATGAAGCAACACGACTTTTTCAAAAGCGCCATGCCCGAAGGGTACGTGCAAGAGCGTACCATATTCTTTAAGGACGACGGTAATTACAAAACCCGTGCTGAAGTGAAGTTTGAGGGCGACACCTTAGTAAACAGGATCGAGCTCAAAGGTATCGACTTCAAAGAGGACGGGAACATATTAGGGCACAAGTTAGAGTACAACTATAACAGCCATAACGTCTACATTATGGCCGACAAGCAGAAGAATGGCATCAAAGTAAACTTTAAAATCAGGCACAACATCGAGGATGGGAGTGTTCAATTGGCTGACCACTACCAGCAAAACACCCCCATTGGGGACGGGCCCGTGCTGCTGCCGGACAACCACTACTTATCTACTCAAAGTGCGCTGAGTAAAGATCCGAACGAAAAGCGTGATCACATGGTATTATTGGAGTTCGTTACTGCAGCTGGGATTACCTTAGGAATGGACGAACTGTACAAGTAG,,,,
EGFP_10,ATGGTGAGCAAGGGAGAGGAGCTGTTCACCGGGGTGGTGCCCATTTTGGTTGAGTTAGACGGAGATGTAAACGGACACAAATTCAGCGTGAGCGGCGAAGGCGAGGGCGATGCGACTTATGGCAAGCTGACACTGAAGTTCATATGTACCACTGGAAAGCTGCCGGTGCCCTGGCCCACCCTCGTGACCACCTTAACTTACGGCGTGCAATGTTTCAGTCGCTACCCCGACCATATGAAACAGCACGACTTCTTCAAGTCCGCGATGCCCGAAGGCTACGTGCAGGAAAGGACGATATTCTTCAAGGATGACGGCAACTACAAGACCAGGGCGGAGGTGAAGTTCGAGGGGGACACTCTCGTGAACCGTATCGAGCTCAAGGGCATCGACTTTAAAGAAGATGGCAACATCCTGGGGCACAAACTGGAGTACAATTACAATTCCCACAACGTCTATATCATGGCTGACAAGCAGAAGAACGGCATCAAAGTGAACTTTAAAATAAGGCACAATATCGAGGACGGTAGCGTGCAGCTCGCGGACCACTACCAGCAGAACACTCCCATTGGCGACGGGCCCGTACTGTTACCCGACAACCACTACCTGAGCACGCAGTCCGCCTTGTCCAAGGACCCTAACGAGAAGAGGGACCACATGGTCCTGCTGGAGTTCGTGACCGCCGCGGGGATAACCCTCGGGATGGACGAATTATACAAATAG,,,,
EGFP_11,ATGGTGAGCAAGGGAGAGGAGCTGTTCACTGGGGTTGTACCGATTCTGGTGGAACTGGATGGAGATGTAAACGGACACAAATTCAGTGTGTCCGGCGAAGGGGAGGGGGATGCGACTTACGGCAAGCTGACACTGAAATTCATATGTACCACTGGCAAGCTTCCGGTGCCCTGGCCTACCCTCGTCACCACCCTTACCTACGGGGTGCAGTGTTTCAGTCGTTATCCGGATCACATGAAACAGCATGACTTCTTTAAGTCCGCGATGCCCGAAGGCTACGTCCAAGAGAGGACCATCTTCTTTAAGGATGATGGAAACTACAAAACAAGGGCGGAGGTTAAGTTCGAGGGCGACACTCTGGTGAACCGAATCGAACTGAAAGGGATCGACTTTAAGGAGGACGGAAACATACTGGGGCACAAGCTGGAGTATAACTACAATAGCCATAACGTCTACATAATGGCAGATAAGCAGAAGAACGGAATAAAGGTCAACTTCAAAATAAGGCACAATATTGAGGATGGTTCCGTGCAGCTCGCGGACCACTATCAGCAGAACACCCCGATTGGCGATGGGCCCGTTCTGTTACCCGATAACCATTATCTGAGCACACAGAGTGCGTTAAGTAAGGATCCCAATGAGAAGAGGGATCACATGGTACTGCTTGAGTTTGTTACCGCCGCGGGGATTACCCTGGGGATGGACGAACTGTATAAATAG,,,,
EGFP_12,ATGGTGTCTAAAGGCGAGGAGCTGTTCACCGGGGTGGTGCCTATCCTGGTCGAGCTGGACGGAGACGTAAACGGCCATAAATTCAGCGTGAGCGGCGAAGGCGAGGGTGATGCAACCTACGGGAAGTTGACCCTGAAATTCATCTGCACCACCGGCAAGCTGCCAGTGCCTTGGCCAACCCTCGTGACAACCCTTACCTATGGGGTACAGTGTTTTTCACGTTACCCGGACCATATGAAGCAGCACGACTTCTTCAAGTCCGCTATGCCCGAGGGCTATGTCCAGGAGCGCACCATCTTCTTCAAGGATGATGGCAACTATAAGACACGGGCCGAGGTGAAGTTCGAAGGTGACACCCTGGTTAATCGTATCGAGCTGAAGGGAATCGATTTCAAGGAGGACGGCAATATTCTGGGGCACAAGTTGGAGTACAACTACAATTCTCACAACGTATACATCATGGCTGACAAGCAGAAGAATGGCATCAAAGTAAATTTCAAGATCCGGCACAACATTGAGGACGGGAGTGTCCAGCTGGCAGACCACTACCAGCAGAACACACCAATCGGAGACGGCCCCGTTCTGCTACCGGATAACCACTACCTGTCGACCCAGTCCGCCCTGAGTAAAGATCCGAATGAGAAGCGCGACCATATGGTCCTCCTGGAGTTTGTGACCGCCGCCGGGATCACACTCGGCATGGACGAGCTGTACAAGTAG,,,,
EGFP_13,ATGGTCTCTAAGGGAGAAGAGCTTTTTACCGGAGTGGTCCCTATTCTGGTCGAACTGGACGGGGATGTCAATGGCCACAAGTTCTCCGTCTCCGGAGAAGGAGAAGGTGATGCTACATACGGAAAGCTGACCCTCAAGTTCATCTGTACCACCGGAAAGCTGCCTGTCCCCTGGCCTACCCTCGTGACCACCCTTACCTATGGAGTGCAGTGTTTCTCCCGCTACCCTGATCATATGAAGCAGCACGATTTCTTCAAGTCCGCAATGCCTGAGGGCTACGTCCAAGAACGAACGATCTTCTTCAAGGACGACGGAAATTACAAGACCCGTGCTGAGGTCAAATTCGAAGGTGATACCCTGGTCAATCGTATCGAGCTAAAGGGCATCGATTTCAAAGAAGATGGTAACATCCTGGGACATAAGCTGGAATACAACTACAATTCCCATAACGTTTACATCATGGCTGATAAGCAGAAAAATGGAATTAAGGTCAACTTCAAGATCCGTCACAACATCGAGGATGGATCTGTACAACTGGCTGATCACTACCAGCAAAATACCCCAATCGGAGATGGACCAGTGCTGTTGCCCGATAACCATTACCTGTCCACCCAGTCCGCTCTCTCCAAGGATCCTAATGAGAAGCGTGATCACATGGTCCTGCTGGAATTCGTCACGGCTGCAGGAATCACCCTTGGAATGGATGAGCTGTATAAGTAG,,,,